question,answer,category
What classes do I need to take for my major?,You can find the required courses for your major in the university catalog or by scheduling a meeting with your academic advisor. They will guide you through the curriculum and help you plan your academic path.,Academic & Lectures
How do I register for classes?,"To register for classes, log in to the university portal, navigate to the 'Registration' section, and use the tools to search for and add courses. Consult your academic advisor beforehand to plan your schedule, and be mindful of prerequisites and registration timelines. If you encounter any issues, reach out to the registrar's office or your advisor for assistance.",Academic & Lectures
Can I change my major?,"Yes, you can change your major if you decide to pursue a different academic path. To do so, schedule a meeting with your academic advisor to discuss your interests and explore available options. They will guide you through the process, explain any implications on your coursework, and help ensure a smooth transition to your new major.",Academic & Lectures
What is the grading system here?,"Our university typically uses a letter grading system. A is for excellent, B for good, C for satisfactory, D for passing but below average, and F for failing. The grading scale may include plus and minus modifiers. You can find specific details in the university handbook or syllabus for each course.",Academic & Lectures
How do I find my class schedule,"To find your class schedule, log in to the university's online portal or student information system. Navigate to the 'Schedule' or 'Student Services' section, where you can view and access your detailed class schedule, including course names, times, and locations. If you encounter any difficulties, consult the university's guide or contact the registrar's office for assistance.",Academic & Lectures
How do I find my class schedule,"To find your class schedule, log in to the university's online portal or student information system. Navigate to the 'Schedule' or 'Student Services' section, where you can view and access your detailed class schedule, including course names, times, and locations. If you encounter any difficulties, consult the university's guide or contact the registrar's office for assistance.",Academic & Lectures
Are there tutoring services available,"Yes, tutoring services are available to assist you. The university provides resources through the Academic Support Center where you can schedule one-on-one sessions with tutors or participate in group study sessions. Check the center's schedule and offerings to access support tailored to your academic needs.",Academic & Lectures
How do I access the online learning platform?,"To access the online learning platform, log in to the university's website and navigate to the designated section for online courses or e-learning. There, you'll find a link or portal to the online learning platform. Use your university credentials to log in, and from the platform, you can access your courses, assignments, and other relevant materials. If you encounter any issues, reach out to the university's IT support for assistance.",Academic & Lectures
What is the policy on attendance?,"The university generally has an attendance policy that varies by course and instructor. It's crucial to review the syllabus for each class as it typically outlines the attendance expectations, including any penalties for excessive absences. Some professors may factor attendance into grading, while others may have specific requirements for participation. If you have concerns or need clarification, don't hesitate to discuss attendance policies with your instructors or refer to the university's academic policies outlined in the handbook.",Academic & Lectures
How can I add or drop a class?,"To add or drop a class, log in to the university's online portal or student information system. Navigate to the 'Registration' or 'Student Services' section and locate the option for adding or dropping classes. Follow the instructions provided, including selecting the course and confirming your changes. Be mindful of any deadlines, as there may be an add/drop period specified by the university. If you encounter difficulties or have questions, consult with your academic advisor or contact the registrar's office for guidance.",Academic & Lectures
Are there study groups for certain courses?,"Yes, there are often study groups available for certain courses. You can inquire about existing study groups through your professors, academic department, or student organizations related to your major. Additionally, the university's Academic Support Center may organize or facilitate study groups. Online platforms and bulletin boards on campus can also be sources for information about existing study groups, or you can consider forming one with classmates who share similar academic goals in your courses.",Academic & Lectures
Where is the student center located?,"The student center is typically located near the heart of the campus, often close to the main quad or central gathering area. Specific directions can be found on the campus map, available on the university's website or at information kiosks around campus. If you're unsure, feel free to ask fellow students, or seek assistance from campus staff or student guides who can direct you to the student center.",Campus Life & Networking
What clubs and organizations can I join?,"There is a diverse range of clubs and organizations you can join based on your interests. Explore the university's club directory or attend a campus involvement fair to discover options. Common categories include academic clubs, cultural organizations, sports clubs, service groups, and special interest societies. Check the university's website or student affairs office for an updated list of active clubs and their meeting times. Feel free to attend introductory meetings to find the ones that align with your passions and goals.",Campus Life & Networking
Are there on-campus jobs available for students?,"There is a diverse range of clubs and organizations you can join based on your interests. Explore the university's club directory or attend a campus involvement fair to discover options. Common categories include academic clubs, cultural organizations, sports clubs, service groups, and special interest societies. Check the university's website or student affairs office for an updated list of active clubs and their meeting times. Feel free to attend introductory meetings to find the ones that align with your passions and goals.",Campus Life & Networking
How do I get involved in sports or intramurals?,"To get involved in sports or intramurals, visit the university's athletics department or recreation center. They typically have information on the sports offered, tryouts, and intramural schedules. Attend sports events to learn more about the teams and meet coaches. For intramurals, sign up for leagues or tournaments based on your interests and skill level. Keep an eye out for announcements or join sports-related clubs and organizations to stay informed about opportunities to participate and engage in the athletic community on campus.",Campus Life & Networking
"Where is the library, and what resources does it offer?","The library is usually centrally located on campus. You can find its exact location on the campus map or by asking for directions at the information desk. The library offers a variety of resources, including an extensive collection of books, academic journals, and multimedia materials. Additionally, there are study spaces, computer labs, and often specialized services such as research assistance and tutoring. Visit the library's website or ask the librarians for guidance on accessing specific resources and utilizing the available services.",Campus Life & Networking
What are the dining options on campus?,"On campus, you'll find a range of dining options catering to various preferences. There's typically a main cafeteria offering diverse meal choices, a coffee shop for quick bites and beverages, and a food court with different cuisines. Many universities also have dining halls that feature a variety of meal plans to choose from, allowing flexibility in your dining options. You can use your meal plan or dining dollars at these locations. Check the university's dining services website for menus, hours of operation, and details about the available meal plans.",Campus Life & Networking
How can I get a student ID card?,"Visit the campus ID card office: Locate the campus ID card office, often found in the student center or a designated administrative building.Bring required documentation: Typically, you'll need to provide proof of enrollment, such as a class schedule or a registration confirmation, along with a government-issued photo ID.",Campus Life & Networking
What are the fitness and recreation facilities on campus?,"On-campus, you'll find a variety of fitness and recreation facilities tailored to promote a healthy lifestyle. These may include well-equipped gyms, sports courts, swimming pools, and spaces for fitness classes and intramural sports. Check with your university's recreation department for specific details and opportunities to stay active and engaged on campus.",Campus Life & Networking
Are there cultural events or activities on campus?,"Yes, campuses often host a vibrant array of cultural events and activities. These may include cultural festivals, art exhibitions, performances, and lectures featuring guest speakers. Check the university's events calendar or cultural affairs office for information on upcoming events that celebrate diversity, heritage, and the arts. Participating in these activities is a great way to engage with different cultures and broaden your perspectives.",Campus Life & Networking
"Can I bring a car to campus, and where can I park?","Yes, many universities allow students to bring cars to campus. To find information on parking regulations and designated areas, visit the university's transportation or parking services website. There, you can learn about parking permits, rules, and any associated fees. Some universities have specific parking lots or garages for students, and it's important to familiarize yourself with the parking policies to ensure compliance and find convenient and secure parking for your vehicle.",Campus Life & Networking
How do I apply for on-campus housing?,"To apply for on-campus housing, log in to the housing portal on the university's website using your student credentials. Fill out the housing application, indicating your preferences and any requested roommate information. Make sure to submit any required documents and pay associated fees as specified by the university. If you have questions, reach out to the housing office for assistance.",Accommodation & Housing
Can I choose my roommate?,"Yes, many universities offer the option to choose your roommate during the on-campus housing application process. Typically, this involves mutual requests between you and a specific person. Make sure to coordinate with your preferred roommate and follow the guidelines provided by the university for submitting roommate requests. Keep in mind that roommate selection processes may vary between universities, so it's essential to check your university's specific housing policies and procedures.",Accommodation & Housing
What items should I bring to my dorm?,"When packing for your dorm, bring essentials like bedding, towels, toiletries, school supplies, and personal items. Consider space limitations and check with your university for any specific recommendations or restrictions on appliances and furnishings.",Accommodation & Housing
Are there laundry facilities available for students?,"Yes, the university provides laundry facilities for students. You can find these facilities in designated areas within or near the dormitories. Check the schedule and any associated fees or procedures for using the laundry services.",Accommodation & Housing
How do I report maintenance issues in my dorm?,"To report maintenance issues in your dorm, contact the university's maintenance hotline or submit a work order through the online portal. Be specific about the issue, its location, and provide your contact information for follow-up.",Accommodation & Housing
Can I have guests stay overnight in my dorm?,"Yes, most universities allow guests to stay overnight with prior approval from your roommate. Ensure your guest adheres to dorm policies, sign them in at the front desk, and communicate with your roommate to maintain a comfortable living environment.",Accommodation & Housing
 What are the rules for quiet hours in the dorms?,"Quiet hours in the dorms are typically established to ensure a conducive living environment for all residents. These hours, usually in the evenings, require reduced noise levels to promote a quiet study and sleep atmosphere. Check with your dormitory's guidelines for specific hours and expectations.",Accommodation & Housing
Are there gender-neutral housing options?,"Yes, many universities offer gender-neutral housing options. This provides students with the choice to room with individuals regardless of gender. Check with the housing office to inquire about availability and the process for selecting gender-neutral housing",Accommodation & Housing
How safe is the campus and dormitory area?,"Campus safety is a top priority. Universities implement various security measures, including campus police, emergency call boxes, and surveillance. Research crime statistics, attend campus safety orientations, and utilize available resources to stay informed and contribute to a secure environment",Accommodation & Housing
What is the process for moving out at the end of the semester?,"At the end of the semester, you'll typically receive detailed instructions from the housing office regarding the move-out process. This may include specific checkout procedures, deadlines for vacating the dorm, and guidelines for returning keys or access cards. Be sure to follow these instructions to ensure a smooth move-out experience.",Accommodation & Housing
How do I connect to the campus Wi-Fi?,"To connect to the campus Wi-Fi, locate the network named 'University Wi-Fi' in your device's settings. Enter your student credentials when prompted, and if you encounter any issues, the university's IT help desk is available for assistance.",Resources and Library
What technology resources are available for students?,"Students have access to various technology resources, including computer labs, software applications, and online platforms for coursework. Check with the university's IT department or visit the technology services website for a comprehensive list of available resources.",Resources and Library
"Can I print documents on campus, and how much does it cost?","Yes, you can print documents on campus at designated printing facilities. Printing costs vary, so check with the university's printing services for pricing details and available payment methods",Resources and Library
Is there a tech support service for students?,"Absolutely, the university provides tech support services for students. Contact the IT help desk for assistance with issues related to campus Wi-Fi, software, hardware, or any other technology-related concerns.",Resources and Library
How do I access the university's online library resources?,"Accessing online library resources is typically done through the university's library website. Log in with your student credentials, and you can explore databases, journals, and other digital materials available for research and coursework.",Resources and Library
Are there computer labs available for student use?,"Yes, computer labs equipped with the latest software are available for student use across campus. Check the university's website or inquire at the library for information on lab locations, hours, and any specific guidelines for usage.",Resources and Library
Can I rent or borrow equipment like laptops or cameras?,"Many universities offer equipment rental services. Visit the library or technology services department to inquire about borrowing laptops, cameras, or other devices for academic purposes.",Resources and Library
How do I set up my university email account?,"Setting up your university email account is typically done through the university's IT portal or email services. Follow the instructions provided for account creation, and contact the IT help desk if you encounter any difficulties.",Resources and Library
What software is provided to students for free or at a discount?,Students often have access to various software applications either for free or at a discounted rate. Visit the university's software services website or inquire with the IT department for a list of available software and licensing information.,Resources and Library
How do I log in to the online learning management system?,"To log in to the online learning management system, go to the university's e-learning platform and enter your student credentials. If you're facing issues, reach out to the IT support team or consult the provided user guides for assistance.",Resources and Library
Where is the health center located?,"The health center is typically located on campus, and you can find its exact location on the university map or by asking at the information desk. Check the health services website for operating hours and any additional information.",Health
How do I schedule a medical appointment on campus?,"To schedule a medical appointment on campus, contact the health center either by phone or through the online patient portal. Provide your availability, and the staff will assist you in booking an appointment with a healthcare provider.",Health
Are there counseling services available for students?,"Yes, counseling services are available for students. You can schedule counseling appointments through the university's counseling center or mental health services. These services often include individual counseling, group therapy, and workshops.",Health
What health insurance options are available through the university?,"Universities typically offer health insurance plans for students. Visit the health services or student insurance office for information on available plans, coverage details, and the enrollment process",Health
How can I maintain a healthy lifestyle on campus?,"Maintaining a healthy lifestyle on campus involves regular exercise, balanced nutrition, and sufficient rest. Take advantage of fitness facilities, explore wellness programs, and consider joining clubs or groups focused on health and well-being.",Health
Are there fitness classes or wellness programs?,"Yes, universities often offer fitness classes and wellness programs to promote a healthy campus community. Check the university's recreation or wellness center for information on available classes, workshops, and events.",Health
Where can I find information about vaccinations and immunizations?,Information about vaccinations and immunizations can be obtained from the university health center or student health services. They can guide you on required vaccinations and provide details on available clinics or resources.,Health
What should I do in case of a medical emergency on campus?,"In case of a medical emergency on campus, call campus security or emergency services immediately. Familiarize yourself with the location of emergency response stations and always carry your identification and health insurance information.",Health
How do I access mental health resources?,"Accessing mental health resources is often done through the university's counseling or mental health services. Contact them to schedule appointments, attend workshops, or inquire about additional resources available to support your mental well-being.",Health
Are there recreational facilities like parks or trails nearby?,Many campuses are situated near recreational facilities like parks or trails. Explore the local area or check with the university's recreation services for information on nearby outdoor spaces where you can engage in recreational activities and enjoy nature.,Health
How can I find internships related to my major?,"To find internships related to your major, utilize the university's career services office, online job boards, and networking events. Attend industry-specific events, connect with professors, and explore internship databases to discover relevant opportunities.",Internship and Volunteering
Are there career counseling services available for students?,"Yes, most universities offer career counseling services. Schedule an appointment with the career center to receive guidance on career exploration, resume building, and job search strategies tailored to your goals and interests.",Internship and Volunteering
When should I start thinking about my career after graduation?,"It's never too early to start thinking about your career after graduation. Begin exploring potential career paths during your freshman year, and consistently engage with career services to refine your goals and develop a strategic plan for post-graduation success.",Internship and Volunteering
Is there a career fair or job expo on campus?,"Yes, many universities host career fairs or job expos. Attend these events to connect with employers, explore job opportunities, and network with professionals in your field. Check the university's event calendar or career services for details.",Internship and Volunteering
Can I get help finding part-time or campus jobs?,"The university's career services office provides resources for resume building and interview preparation. Attend workshops, utilize online guides, and schedule mock interviews to enhance your skills and present yourself effectively to potential employers.",Internship and Volunteering
How does the university support students in finding job opportunities?,"Absolutely, the university's career services or student employment office can assist you in finding part-time or on-campus jobs. Check job boards, attend job fairs, and consult with these offices for guidance on securing employment opportunities while studying.",Internship and Volunteering
Are there networking events for students and alumni?,"Yes, universities often host networking events for students and alumni. Attend these events to expand your professional network, gain insights into different industries, and potentially discover mentorship opportunities",Internship and Volunteering
What companies or organizations typically recruit from this university?,"The university's career services office can provide information on companies and organizations that typically recruit from the institution. Attend career fairs, employer presentations, and networking events to connect with recruiters from these companies.",Internship and Volunteering
How can I gain relevant experience in my field while in school?,"To gain relevant experience in your field while in school, explore internships, co-op programs, and volunteer opportunities. Connect with professors, join relevant student organizations, and seek out hands-on projects or research opportunities to enhance your skills and build a strong foundation for your future career.",Internship and Volunteering
Is public transportation easily accessible from campus?,"Yes, public transportation is often easily accessible from campus. Check with the university's transportation services for information on local bus routes, train stations, or other public transit options available in the area.",Transportation
"Can freshmen have cars on campus, and what are the parking regulations?","Parking regulations for freshmen vary by university. Some may allow freshmen to have cars on campus with certain restrictions, while others may limit parking to upperclassmen. Review the university's parking policies for specific regulations and permit requirements.",Transportation
How do I navigate the campus shuttle system?,"To navigate the campus shuttle system, familiarize yourself with the shuttle routes and schedules provided by the university's transportation services. Shuttles often have designated stops at key locations on and around campus, making it convenient for students to travel between academic buildings and other destinations.",Transportation
Are there bike racks available on campus?,"Yes, most campuses have bike racks conveniently located throughout the campus. Use these racks to secure your bicycle while attending classes or exploring the campus. Check with the university's facilities or transportation services for the locations of bike racks.",Transportation
What are the transportation options for getting off-campus?,"For off-campus transportation, consider using public transit, rideshare services, or your personal vehicle if permitted. Additionally, universities may offer shuttle services or have designated pick-up locations for transportation services like buses and taxis.",Transportation
"How far is the nearest airport, and are there shuttle services?",The distance to the nearest airport varies by campus location. Check with the university's transportation services or airport shuttle information for details on available services. Some universities provide shuttle services to nearby airports for the convenience of students.,Transportation
How can I make friends on campus?,"To make friends on campus, attend orientation events, join clubs or student organizations, and participate in social activities. Be open to meeting new people in your classes or residence hall, and don't hesitate to initiate conversations or attend campus social gatherings.",Social life
What social events are planned for freshmen?,"Freshmen can expect a variety of social events planned by the university, including orientation activities, welcome receptions, and mixers. Check the university's event calendar or student affairs office for information on upcoming events specifically designed for freshmen.",Social life
Are there fraternities or sororities on campus?,"Yes, many universities have fraternities and sororities. Explore Greek life on campus by attending rush events or informational meetings. Each organization typically hosts recruitment activities for students interested in joining.",Social life
How can I get involved in the local community?,"To get involved in the local community, consider volunteering with local organizations, participating in community service events, or joining community-based clubs. Check with the university's community engagement or service-learning office for opportunities to connect with the local area.",Social life
What are some popular hangout spots for students?,"Popular hangout spots for students often include cafes, student lounges, recreational areas, and campus green spaces. Explore the university's facilities, attend events, and ask upperclassmen for recommendations to discover the most popular spots for socializing.",Social life
How do I join or create a student organization?,"To join a student organization, attend club fairs, browse the university's student organization directory, and connect with existing members. If you're interested in creating a new organization, contact the student affairs or student activities office for guidance on the process and requirements.",Social life
Are there cultural or diversity events on campus?,"Yes, universities often host cultural and diversity events throughout the academic year. Attend cultural festivals, awareness weeks, and diversity celebrations organized by student groups, clubs, or the university's multicultural affairs office.",Social life
What is the nightlife like around the university?,"The nightlife around the university varies based on location. Explore nearby bars, cafes, and entertainment venues to discover the local scene. Check for university-sponsored events, and ask fellow students for recommendations on popular nightlife spots in the area.",Social life
Are there resources for international students?,"Yes, universities provide a range of resources for international students. The international student services office offers assistance with visa processes, cultural adjustment, and general support to ensure a smooth transition to academic life.",For international students
How do I navigate the visa and immigration process?,"Navigating the visa and immigration process is facilitated by the university's international student services. They offer guidance on visa application procedures, required documentation, and compliance with immigration regulations, ensuring a comprehensive understanding of the process.",For international students
Are there cultural exchange programs or events?,"Many universities organize cultural exchange programs and events to foster a global community. Check with the international student services office and cultural affairs department for information on language exchange programs, international festivals, and cultural events.",For international students
What support services are available for English language learners?,"Support services for English language learners are typically available through language centers or academic support services. The university may offer English as a Second Language (ESL) programs, tutoring, and language proficiency resources to help international students enhance their English skills.",For international students
How can I connect with other international students?,"Connecting with other international students is facilitated through orientation programs, cultural events, and international student clubs. Attend social gatherings, join international student organizations, and participate in activities organized by the university to build a network within the international student community.",For international students
Are there opportunities to study abroad during my time here?,"Yes, many universities offer study abroad programs allowing students to explore academic opportunities in other countries. Connect with the university's study abroad office to learn about available programs, application processes, and the criteria for participating in these enriching experiences.",For international students
What is the policy on academic integrity and plagiarism?,"The university upholds strict policies on academic integrity and plagiarism. Familiarize yourself with the university's code of conduct, attend any required workshops, and ensure you understand the guidelines for proper citation and academic honesty",Others
How do I contact my professors outside of class?,"Professors can typically be contacted through email or during their office hours. Check the course syllabus for contact information, and consider sending a concise and polite email if you have questions or need additional clarification outside of class.",Others
What should I do if I miss a class due to illness?,"If you miss a class due to illness, inform your professors as soon as possible. Check the syllabus for specific instructions on makeup work or missed assignments and consider reaching out to classmates for any notes or materials you may have missed.",Others
How can I access disability services if needed?,"For disability services, contact the university's disability resource center. They can provide information on available accommodations, support services, and the process for registering with the center to ensure your needs are addressed",Others
Are there opportunities for undergraduate research?,"Yes, many universities offer opportunities for undergraduate research. Explore research centers, connect with faculty members in your field of interest, and inquire about research assistant positions or projects to get involved in hands-on academic experiences.",Others
Can I bring a pet to campus?,"Check the university's pet policy, as rules regarding pets on campus vary. Some universities have designated pet-friendly housing or allow pets in specified areas. Familiarize yourself with the guidelines and register your pet accordingly if permitted.",Others
How do I sign up for campus tours or orientations?,"To sign up for campus tours or orientations, visit the university's admissions or orientation website. Many universities provide online registration forms or contact information for scheduling guided tours and orientation sessions to help you become familiar with the campus.",Others
What is the policy on student conduct and disciplinary actions?,"Review the university's student handbook or code of conduct for information on student conduct policies and disciplinary actions. Understand the expectations, follow campus rules, and seek guidance from the student affairs office if you have questions or concerns.",Others
How do I report concerns about campus safety or security?,Report concerns about campus safety or security to the university's campus police or security office. They can provide guidance on emergency procedures and address any safety-related issues you may observe on campus.,Others
Can I request a change in my class schedule?,"Yes, you can often request a change in your class schedule during the designated add/drop period. Consult the university's registrar's office or student services for information on the process, deadlines, and any considerations regarding your academic program.",Others
What advice do you have for success as a freshman at this university?,"My advice for success as a freshman is to attend orientation events, get involved in campus activities, manage your time effectively, and seek support when needed. Utilize resources such as tutoring, counseling services, and faculty office hours to maximize your academic and personal growth during your time at the university.",Others
What is enrolment?,"Induction is a process where you are introduced to your course, university, and other students. It usually takes place in the first few days of starting university.",Others
What is induction?,"Induction is a process where you are introduced to your course, university, and other students. It usually takes place in the first few days of starting university.",Others
What is a personal tutor?,A personal tutor is a member of academic staff who provides academic support and guidance throughout your course.,Others
How do I contact my personal tutor?,You can contact your personal tutor through your university's student support services or by email.,Others
What is a lecture?,A lecture is a type of teaching session where a lecturer delivers a presentation on a specific topic.,Others
What is a seminar?,A seminar is a type of teaching session where students discuss and debate a specific topic in a small group.,Others
What is a tutorial?,A tutorial is a type of teaching session where a tutor provides one-to-one or small group support and guidance on a specific topic.,Others
What is a student ID card?,A student ID card is a form of identification that shows you are a student at your university.,Others
What is Freshers Week?,"Freshers Week is a week-long programme of social events, activities, and induction sessions for new students.",Others
What is a Freshers Fair?,"A Freshers Fair is an event where clubs, societies, and local businesses promote their services and products to new students.",Others
What is student accommodation like?,"Student accommodation can vary, but usually involves living in shared accommodation such as halls of residence or a shared house. The UniGuide has a useful guide on https://www.theuniguide.co.uk/advice/student-accommodation ",Others
What are the different types of student accommodation?,"The different types of student accommodation include halls of residence, shared houses, private rented accommodation, and student apartments. Types of student accommodation depend on where you are, your budget and your university.",Others
What is the cost of student accommodation?,The cost of student accommodation varies depending on the type of accommodation and location. Check with your university for the specific costs.,Others
How do I apply for student accommodation?,You can apply for student accommodation through your university's accommodation office. The application process varies depending on the specific accommodation.,Others
What is a tenancy agreement?,A tenancy agreement is a legal document that sets out the terms and conditions of renting a property.,Others
What should I look for in a tenancy agreement?,"When looking for a tenancy agreement, you should check the terms and conditions of the agreement, including rent, deposit, and length of tenancy. The Citizens Advice website has a guide on https://www.citizensadvice.org.uk/housing/renting-a-home/",Others
What is a deposit for student accommodation?,A deposit for student accommodation is a sum of money paid to the landlord or accommodation provider to cover any damage or unpaid rent at the end of the tenancy.,Others
How do I get my deposit back for student accommodation?,"To get your deposit back for student accommodation, you should leave the accommodation in good condition and pay any outstanding rent. The landlord or accommodation provider will then return the deposit, minus any deductions.",Others
How do I get my deposit back for student accommodation?,"To get your deposit back for student accommodation, you should leave the accommodation in good condition and pay any outstanding rent. The landlord or accommodation provider will then return the deposit, minus any deductions.",Others
How do I register with a doctor at university?,"You can register with a doctor at university by contacting the health centre or medical practice on campus. They often have guides on which local doctors practices to register with, and how to go about that process.",Others
How much does university cost?,The cost of university varies depending on the course and university. Check with your university for the specific fees.,Others
How do I pay for university?,"You can pay for university through student loans, bursaries, and scholarships. The Student Finance website covers how to pay for university.",Others
What is a student loan?,A student loan is a type of loan that helps students pay for their tuition fees and living costs.,Others
How do I apply for a student loan?,You can apply for a student loan through the Student Finance website. The application process varies depending on the specific loan.,Others
What is a student bursary?,A student bursary is a form of financial support that does not have to be repaid.,Others
How do I apply for a student bursary?,You can apply for a student bursary through your university or through external organisations. Check with your university for the specific application process.,Others
What is a student bank account?,"A student bank account is a bank account designed for students, with features like interest-free overdrafts and low fees.",Others
How do I open a student bank account?,You can open a student bank account by contacting a bank or building society that offers student accounts. Money Saving Expert has a handy list of student bank accounts.,Others
How do I open a student bank account?,You can open a student bank account by contacting a bank or building society that offers student accounts. Money Saving Expert has a handy list of student bank accounts.,Others
How do I avoid plagiarism?,You can avoid plagiarism by properly citing and referencing any sources you use in your work.,Others
How do I reference my work?,"You can reference your work using a specific referencing style, such as Harvard or APA. Your university or course may have specific referencing guidelines.",Others
How do I use the library?,"You can use the library by checking out books and other resources, using study spaces, and accessing online resources. Check with your university for specific library services.",Others
What is a careers service?,"A careers service is a support service that provides advice and guidance on career planning, job searching, and employability.",Others
What is a graduate scheme?,"A graduate scheme is a structured training programme for recent graduates, usually provided by large employers.",Others
How do I find a graduate scheme?,"You can find a graduate scheme by checking job boards, networking, and contacting potential employers.",Others
What is a job fair?,"A job fair, or careers fair, is an event where employers and job seekers can connect and network.",Others
What is networking?,Networking is the process of making professional connections and building relationships in a specific industry or field.,Others
